ID,UPDATED_AT,CNT
13be2b58-7f81-4c10-9fdf-ce763cbd7733,2023-03-29 15:04:36.500,351
63784d88-65b0-41ca-9494-fe4c4215e75d,2023-04-04 10:40:45.773,195
7a608c15-2236-4fcf-8678-58a0fad7c92c,2023-04-04 13:12:56.940,19
a789063e-a96d-4931-8d89-cf60bd92bfdf,2023-04-04 13:21:23.689,89
24d5120e-cc19-4308-9d94-9ef2e27e0666,2023-04-04 14:00:30.465,144
86ebe45b-5870-4ceb-8865-93057f03bd93,2023-04-04 17:34:16.296,149
ca98650d-71ca-48f3-8672-25c2e350dc74,2023-04-05 09:17:53.700,95
dc099c4d-d2e6-449a-8656-d65d2be5a606,2023-04-05 09:51:30.554,236
34acd580-c2ff-4244-8ce5-fea92224ea4a,2023-04-05 18:54:06.599,294
6c533377-3f13-416c-be71-ed894478e7bb,2023-04-06 11:47:42.167,300
28ae7c16-4734-4c31-9d1b-c86eb50cd420,2023-04-06 14:11:26.022,5
dc684c69-7c7c-4216-9602-849ef338002c,2023-04-06 15:07:54.711,291
9f8e2bae-287f-494e-a977-d22a79a46f02,2023-04-06 16:01:52.827,186
19168b15-6a7e-4956-88ea-b94dcbc2903e,2023-04-06 17:12:56.951,308
fa4d16e8-bcd0-4bd0-a9b0-6c3c62394539,2023-04-10 16:24:33.754,147
250c76ca-de96-4766-9f86-102dd7ae0b60,2023-04-11 13:58:10.951,108
2350400a-9a22-43a6-9562-2bfab0f057a3,2023-04-11 16:17:34.957,152
168d8588-ba53-4bb4-a034-7c72832d70b0,2023-04-12 16:25:55.300,118
182b4fc1-122a-44a0-b666-7886f6f03f6b,2023-04-12 18:23:50.277,322
f1bbd7f0-de83-4e96-9e72-258beaffe700,2023-04-12 20:24:43.164,167
a9c8218c-4764-44d4-870c-104d9b6ec742,2023-04-12 21:48:15.524,258
21ebf9fe-998d-4166-b0c5-5b2a0adcc64a,2023-04-13 10:48:27.396,272
3cf8d7f7-0e91-454e-97aa-837f1fc40ef5,2023-04-13 13:44:49.298,275
59d1692c-575a-4af4-b93c-6835cdccfbad,2023-04-13 15:15:10.791,241
c87c22d3-0c6f-4505-9fab-0bdd62809892,2023-04-13 16:13:29.069,1
a9d44eed-0014-4156-a406-a30ee127a5b6,2023-04-13 20:19:23.980,142
bf89cfb9-e46f-45c6-94f7-de5789383af2,2023-04-14 10:44:14.200,378
52073a06-2e85-41fd-98bb-60fbacd3057a,2023-04-14 10:46:15.469,305
b7ed12df-6ee6-45cb-a29b-2614e54d69a0,2023-04-14 14:14:55.873,204
b8150041-0559-4882-bb19-0db80d6e4aff,2023-04-17 09:46:15.977,199
4b2310fd-638c-46fe-9f90-c2310ac7c149,2023-04-17 14:29:05.754,323
9c0785d0-337b-4aad-a479-0958910447d5,2023-04-17 15:10:43.091,196
4bd1bf12-a0b0-4876-80a7-c4ee5bc93cf5,2023-04-17 16:16:54.873,242
5c1077ad-5353-4e9f-986d-e407c4e9b056,2023-04-17 17:13:18.522,62
2b087f18-2f36-4f8d-bbc3-4f347b07a8d0,2023-04-17 18:55:00.127,178
6276845e-db22-4bd5-a3f2-f419363bb524,2023-04-17 19:39:21.104,214
586c3d00-c322-4830-8f62-7063844c4511,2023-04-18 09:15:43.505,94
5ffd11ec-e4ed-4f9e-b35c-83bd7df7f7a6,2023-04-18 10:45:39.196,604
6efe1a7d-5470-40a4-a56d-4693e9be9dc8,2023-04-18 14:08:27.715,266
8cc76e60-22c6-4a32-af2f-91471b737553,2023-04-18 14:38:42.943,114
040901ae-c6e9-482e-bced-965015f6ef39,2023-04-18 18:57:47.675,245
59048e66-78ca-46bf-89b9-ef5d320baf00,2023-04-19 19:28:46.029,141
18e49daa-f057-4562-bbf7-45d27e546ca5,2023-04-20 10:37:05.831,272
e84df5de-d8da-47be-9515-7d43c9949bc1,2023-04-20 13:09:29.172,37
93623d9c-72e3-4cc9-a7e7-fe62a7c9a734,2023-04-20 13:40:09.137,210
6f1345ba-6929-43c1-993d-63f4fb0f4f47,2023-04-20 14:43:43.042,23
cb2f65b6-e8a5-4bb3-bf9a-9c14c7e6b080,2023-04-21 09:38:03.785,161
2eb201ef-af8e-448a-a04c-0b7e7243b3c2,2023-04-21 12:43:37.500,133
8781a173-c532-4ba4-83c1-be476703eb8b,2023-04-21 19:24:35.740,273
c308637a-63c7-499c-9a96-dd9ea8648949,2023-04-21 20:30:15.287,115
4d9a985a-d8ec-4449-bf96-8a98b9b7ea68,2023-04-24 09:45:05.017,58
a8affb3a-57ae-4b37-ad6d-c013f52eb1e0,2023-04-24 10:38:50.666,2
b9fa38f3-7e5c-4246-b9e4-9cf6d390f40a,2023-04-24 11:00:49.970,117
09936bb9-0d5b-405f-a18c-3039cadb594f,2023-04-24 16:12:40.817,6
7b6b8008-02d6-4003-a795-25d8ed7a8349,2023-04-24 19:52:58.737,233
ceb5209e-e43e-432d-810e-808358a2913b,2023-04-26 16:40:27.344,156
46e3e94c-e704-428a-a0fc-01e83c5c4bb0,2023-04-27 11:12:09.511,473
5b7c85c9-9461-4f04-982c-091b4acee38e,2023-04-27 20:47:27.374,291
cabd8051-1d96-4eeb-9c25-813efa6f4533,2023-04-28 09:52:55.376,80
335178aa-e586-4382-96a9-c7a532c468e9,2023-04-28 16:28:42.733,329
5598dd27-3096-49c5-8116-8b0d5fb8fa99,2023-04-28 16:42:45.387,88
3ab430b3-dd38-492b-921e-2c50a11e79d0,2023-04-28 18:12:31.075,37
489838c5-0fb8-4d9a-b474-109536cac949,2023-04-28 20:38:01.631,7
da01d32e-bd66-4698-b1a9-b7d52e00e458,2023-05-01 19:05:51.881,33
777f85f2-e03e-4ca6-a726-b0f189507d5b,2023-05-02 11:24:16.152,416
83113fab-b32f-4b14-8326-9810cf1de80f,2023-05-02 11:48:25.479,165
fa5799cb-481b-4bde-b673-93f4f632f114,2023-05-02 13:31:26.940,228
297a644e-dfe8-4e05-be26-b6234e8047a3,2023-05-02 21:12:06.234,14
094423a2-5624-4449-b355-2e124b5ae7eb,2023-05-03 14:05:13.254,1
8f77b5ab-73ad-4d9f-85bf-c1c7c1aae104,2023-05-03 14:06:00.118,9
d037010f-f4c5-431a-975d-18cac3027764,2023-05-03 15:19:50.995,105
9eac3c6e-8b37-4e51-bdfc-dbf79daa92b4,2023-05-03 17:17:58.271,45
b30514e9-be43-479f-95eb-afc3041d80c5,2023-05-04 11:26:49.477,199
42e4cae2-24be-4b14-9eaa-180b636a083d,2023-05-04 12:01:14.450,331
f05f88f5-b864-4738-9a43-84b92a4c2803,2023-05-05 16:51:06.889,258
80f1e183-1da8-4425-b704-9afd332a0582,2023-05-08 18:47:04.904,203
f837855a-4498-4068-aefb-c2d526eb7101,2023-05-09 11:17:13.433,217
2a14ce2a-cc0f-4dc6-8d8f-9f86c83a89c0,2023-05-09 17:07:37.300,209
2710ff06-b5fd-4959-bef2-8219c4acec56,2023-05-09 18:06:52.468,13
2c1e72a9-6a62-46aa-9e12-c7efe36ed3bb,2023-05-10 20:08:15.058,364
07853f08-9f01-42c4-b2e3-f3b29ccb3acb,2023-05-11 18:50:31.373,62
be4c0934-e46d-473a-a1fb-7ae7a04e87e3,2023-05-12 08:03:48.268,1
54a1191e-4efc-4c80-8b72-d648efac85bf,2023-05-12 10:09:49.666,160
b8ca9f7e-c537-4079-83a5-c0e55b009d97,2023-05-12 13:30:49.777,59
eb0cbdae-d856-45b3-9e82-f4a8fbb839ed,2023-05-12 17:22:57.876,160
c743f3cb-5909-4b94-8863-b8cd45453deb,2023-05-12 19:13:17.326,2
415ce7fb-b399-4b42-a853-fdb03882a54b,2023-05-15 09:54:10.284,102
5592b7fd-081a-4c6b-af08-1c546f68f20c,2023-05-16 10:12:23.556,278
5e22f2b0-daad-4bf0-949c-0ff26680f5b4,2023-05-16 14:32:23.675,319
db824d08-1408-4526-b6de-ce9d7c1dd608,2023-05-16 15:52:21.245,61
c5a784c1-2a6f-4306-b7f9-35d04cd56c18,2023-05-16 18:16:15.479,269
86dbaf52-95ee-4785-a3ac-0af364853440,2023-05-17 09:19:18.438,77
d0ffb6a3-cf2f-467a-8a87-fb94a2a72dc3,2023-05-17 13:17:51.724,50
fc3c069a-1772-4188-912f-fbdc25baf30a,2023-05-17 13:57:07.771,240
2062e314-79b5-4998-bd79-f52fef1e499c,2023-05-17 17:32:23.207,267
709c948a-b15e-4795-9dc9-62fcdcd68e6e,2023-05-18 11:55:50.617,284
577ddb55-26a6-47df-8181-f3d31c425791,2023-05-18 14:17:15.060,342
131b9e93-1e9a-4713-ae5e-d5cf5f3257e1,2023-05-18 16:13:00.361,51
5140c03d-4e48-47c5-868f-7106d64d54ef,2023-05-18 20:06:46.686,106
92999d96-1b0a-4341-b3e0-8ceab9325aba,2023-05-18 21:32:03.966,184
2e0b1d06-e3d9-4df4-9f00-6ea8c4de325c,2023-05-19 08:57:14.458,113
5a5343b3-f3e1-4c51-9875-fb0ff4c253ef,2023-05-19 09:55:57.778,324
20ea6a13-3644-4977-b59d-0232955303a4,2023-05-19 10:04:31.234,19
dbbd584a-0220-41be-a4b9-5bc24059503f,2023-05-19 11:39:46.683,191
6d59241e-1b13-4397-a8ef-fbf632adc255,2023-05-19 11:51:18.362,231
301f50ba-2613-4719-8aa8-e8c09b9a3d50,2023-05-19 12:50:14.016,171
d823ea1a-8f89-495e-8ad4-287418976995,2023-05-19 13:16:46.628,79
ffa86aa0-8fbe-4c68-bf83-95cd74e77e3a,2023-05-19 14:33:45.747,132
eea94ec1-0d4d-4d31-afe2-7e3ac8f66de5,2023-05-19 16:06:35.863,21
e7cbf5e7-b95d-4342-9892-3222084e0e05,2023-05-19 19:31:12.542,225
d5810c16-8612-43d5-a5bf-f08beda3a3d1,2023-05-19 21:07:26.090,257
956ee0e9-5f95-4d5d-97af-4606de48a7eb,2023-05-22 10:11:15.249,260
af8af778-a593-4e44-be4d-9bc83a64825f,2023-05-22 14:11:54.653,199
28262d54-91f0-47c3-9b2c-63270286e2f2,2023-05-23 08:22:35.699,234
871f2379-dee3-4e9c-ae7e-543055ff03b0,2023-05-23 10:16:09.413,51
8d93a5c1-da56-4c61-ba75-f5fdcaf6cc47,2023-05-23 11:20:48.011,200
252af2d3-8147-4ad1-86aa-5412879dab6c,2023-05-23 12:51:15.448,375
95f43603-15bf-4fd5-b6d6-de99e7c9f547,2023-05-23 13:45:40.011,172
3b73f7ad-a007-4dcf-acaf-d798bc7086bb,2023-05-23 15:11:19.907,272
1ab9037e-c6ba-4890-ac61-1dad23a58139,2023-05-23 15:32:35.515,166
b04adc99-faac-4e88-84ea-d4472a4f8235,2023-05-24 11:04:34.318,295
8e92ba19-fcf4-4e1c-8d1e-cefdff00e0f0,2023-05-24 11:44:47.515,267
155e4527-a619-4b59-8841-779f0f667fbe,2023-05-24 13:08:34.565,4
3b1cab85-f712-489b-8ebe-b8ce3b2d2dba,2023-05-24 16:03:48.052,322
19ea0e62-900d-48b7-af64-9dcb7761d7d0,2023-05-24 18:21:13.769,298
561778e4-3aec-4ab3-8ff2-c89a77507749,2023-05-24 21:58:29.769,343
dd7ed8ba-3930-4bbe-8886-257550c81069,2023-05-25 11:08:06.497,231
7cdf7b46-5e42-4af1-a05d-0cb595612cf0,2023-05-25 11:27:14.321,349
4884d8f1-ddf5-45aa-980b-b01d49d3ee18,2023-05-25 12:20:37.626,158
9560e281-8230-4fc7-9653-e869cbf2e396,2023-05-25 15:44:10.856,55
608e8431-aa00-4cf5-84c3-d190f02feff5,2023-05-25 20:55:03.483,172
2b25c08a-ea35-4e31-99df-37137af617f5,2023-05-26 10:44:49.860,3
97866add-6074-4fab-ba0e-db0e9426ecd0,2023-05-26 11:03:55.689,144
61872d56-81e1-42c3-a454-1af09e0013e6,2023-05-26 15:18:10.623,18
3ce5bb3f-0e1c-483d-9743-71ffbbde2ae0,2023-05-26 16:10:19.552,55
e1103421-a5bf-40fb-ba5e-430c4447c0e8,2023-05-26 17:11:32.999,13
fa5423a1-172e-42de-8dc1-da44dd3834c0,2023-05-26 19:34:00.534,273
ffe4c0b2-f101-4d4d-a671-bb4a0dd841a4,2023-05-29 14:51:10.423,333
adf45484-7bf5-4474-bc24-c9efb74e44a7,2023-05-29 19:00:35.081,239
2a57901f-830f-4132-9740-2525198d755e,2023-05-29 20:36:44.800,240
2507584d-3548-4699-9a06-0b80c849b496,2023-05-29 21:40:51.578,303
6235d3c7-e1f5-4933-bb0c-b45c56d8c57c,2023-05-30 10:07:23.457,16
ff0bb009-75f1-4287-9efe-8df58fc239d1,2023-05-30 17:16:53.101,195
75c2195c-7e60-4039-91e3-74402d354916,2023-05-30 17:55:02.681,261
33a145b1-eefc-455d-97c0-a480ac6706e7,2023-05-30 19:11:20.611,220
62ebf925-0e26-4857-9411-51b458556d03,2023-05-31 09:38:51.419,189
80949e36-4cce-4cb8-a866-ca249d70b025,2023-05-31 10:13:50.413,230
d1a3e2c5-c0c2-4bee-b77f-623307830c6f,2023-05-31 10:45:59.739,50
276170ed-a64e-4e08-a821-ae10900b3099,2023-05-31 10:58:01.537,203
dce27911-4730-4710-8402-384a305bac16,2023-05-31 16:18:10.262,189
584e9464-07ec-4241-8499-41f9a803b3e0,2023-05-31 19:42:54.753,3
015410cd-d952-474c-80c7-4b296877a16f,2023-06-01 13:16:03.065,33
978adb9f-092c-4b0c-92f0-bc5afdae74f8,2023-06-01 18:09:10.356,2
d04ec205-20d2-4945-a81b-7591f4ad802c,2023-06-02 10:57:59.463,271
fdfe5560-fbaa-4293-829f-d9962eb597e9,2023-06-05 08:44:56.574,72
381922bf-bf00-4d4e-9809-bdb3ddb76cf5,2023-06-05 10:56:11.368,252
2d61c493-523e-434c-a4dc-d4f9fff12638,2023-06-05 16:03:43.733,228
070d634e-5241-406f-acd0-f1382817e933,2023-06-06 10:47:42.841,4
991252e2-d075-41b7-9d18-738463e22abf,2023-06-06 11:27:51.004,298
af5196c5-960a-42c4-bb6f-84f9e9fa86ce,2023-06-06 13:11:42.060,4
70a35b06-8cec-432a-8473-f6ea2fc05cff,2023-06-06 22:12:16.764,204
86dd7a5f-b33b-45ad-80c8-3fa453ba1b1f,2023-06-07 10:36:23.828,128
feb9095b-b10f-4ee2-b759-2928c54bb6e6,2023-06-07 13:30:06.889,166
8d19fdbb-725a-4bc9-b97c-707d732ccefc,2023-06-09 08:32:24.162,190
3a2d27ce-fd41-4bf7-9085-bf70c691a167,2023-06-09 09:35:09.831,147
17efc8b2-4ea2-49a2-8f73-f99dba64887c,2023-06-09 14:10:57.283,187
8adfc78c-f633-4ce7-b234-dcfc8279d55e,2023-06-09 14:56:09.791,336
f6ad448e-a231-4d30-90d2-fad54d3bd880,2023-06-12 11:05:19.199,386
7c968e12-0938-4908-ada4-a148239b46ef,2023-06-13 09:04:33.336,171
e661ce09-f74d-44d4-8a76-614a2608f382,2023-06-13 09:27:45.615,7
a938d122-0b7e-47dc-aba7-23e1b31e4536,2023-06-13 10:45:13.098,68
29ae8cd5-bd7f-4997-8895-771f0fd939f7,2023-06-13 15:54:09.710,639
4787a127-87a4-4eb4-9674-3cc457a7fd2e,2023-06-14 09:02:30.910,254
1cf7a0f6-7de4-4043-a95c-1704077b19d2,2023-06-14 09:13:49.622,183
1b0bfbf7-8613-48be-8c22-ac325c3aabd7,2023-06-14 14:14:04.032,273
1b80477e-a26b-4d6a-8fc6-0eb3683d7e8b,2023-06-14 14:34:00.038,244
796948fa-8f73-4418-acb1-3c6a49ca94f7,2023-06-15 09:14:04.281,380
04b72fae-dec9-44a0-acdc-cb8920ab5c95,2023-06-15 09:16:32.717,173
8d7eaf41-61f5-4bb3-8f20-deadf82590e8,2023-06-15 10:23:37.374,579
d03d519a-1e2b-45c0-bad6-9d761b24d72f,2023-06-15 10:31:38.684,161
6798fc48-59ef-4adb-aefe-6370075143f9,2023-06-16 07:27:37.075,182
55fe2b60-955f-4506-a821-07498d1a7c27,2023-06-16 08:39:00.441,131
4955faa1-c2d9-4a3d-940e-9a976c715bf4,2023-06-16 09:53:21.456,234
3c914fb4-43ed-4822-8786-b6ae65245461,2023-06-16 10:17:38.029,270
7a486614-82fb-45e0-a78e-8d40df069955,2023-06-16 11:04:53.021,190
a7ed36fb-5a9f-46cd-a42c-49e1146ba2e7,2023-06-16 17:45:07.993,85
5ac4e8d1-bd19-4563-b7e6-bb0cb69e65a7,2023-06-19 09:49:57.849,246
16df3264-79de-40e1-9e22-2d51c0b34520,2023-06-19 14:37:48.106,183
5d8f71af-20ea-4696-b081-6be8e28a4cc7,2023-06-19 16:51:22.754,38
d66380ce-1b15-46a2-a913-5ac2933e5301,2023-06-19 21:40:10.574,195
20834306-2682-4426-a82f-bd0ec780333d,2023-06-20 17:13:47.226,216
ccc89155-bf2f-406a-9f29-bf2aa22c2093,2023-06-20 18:43:01.570,186
0b7594a4-75de-440e-88be-430cc78d17cf,2023-06-20 21:12:53.213,338
6e77c6e1-a1e6-4491-8c0b-db27ca1466cc,2023-06-21 09:22:24.913,288
712c90f2-eda8-4806-a71d-0122431fa854,2023-06-21 10:10:23.698,273
0bead625-5a2f-4ec6-ac88-151fd90f6d65,2023-06-21 10:26:08.856,134
86db4b81-bd8d-44a5-bb96-b8eab41f70be,2023-06-21 10:36:30.819,33
5a43a383-bece-4106-baf9-816060250070,2023-06-21 10:36:55.580,34
39831fde-d434-4da9-a8f9-27435a03882a,2023-06-21 16:07:11.207,161
c76b7301-2c3f-482a-ab72-373f1ac05ace,2023-06-22 08:09:38.319,3
55447a66-2a27-4642-b828-c99b2db4c648,2023-06-22 10:11:26.561,41
ff1524b8-1e95-416e-92e8-15c74ee938fc,2023-06-22 10:57:48.827,162
20f21917-8028-46d0-8563-d875eff9868d,2023-06-22 11:01:52.096,253
b9604522-54ae-48b7-b748-db7788880afe,2023-06-22 14:15:03.370,78
2fc99fea-1bb2-4e64-9cf5-feed201e8e10,2023-06-22 14:25:09.377,135
4946bab1-9d68-4eac-8ca5-c02c1a60c1f7,2023-06-22 19:10:55.109,56
99d68126-c608-4224-a963-4a57d50dc7ba,2023-06-23 08:36:33.961,232
673e5f6a-c59f-4433-8f9d-57256b0af075,2023-06-23 11:16:26.562,260
6f4e4620-05dd-4514-ba84-76c80583f4c1,2023-06-23 11:39:26.215,30
5a68c08c-20dc-4fd9-9871-16bf2332e7a4,2023-06-23 15:15:37.977,318
038d618c-bd1c-4f1d-a15a-d840a5a7f00e,2023-06-26 10:47:44.283,224
579bc9d5-c035-4579-bd55-3f56bb1888a8,2023-06-26 16:11:24.453,10
c960dd89-0710-477b-aa24-91b7e5e70dfb,2023-06-27 12:47:09.761,20
894084ba-9f78-47c3-b172-d2558fde544c,2023-06-27 15:08:03.782,338
73f7fd2e-c52c-49da-9943-4a3efaf6afd8,2023-06-27 17:52:51.183,247
e8dfa69c-b1f7-4e40-bd58-2bbe92751d00,2023-06-27 20:51:26.478,297
7f046da5-442b-47c1-b91e-c834df9c09eb,2023-06-28 11:29:43.896,140
b0bc09b0-0a93-41c3-8f0a-aab3b2d71194,2023-06-28 14:16:43.626,223
6a0f7d28-19f1-4d7a-a6cd-e61ba340a481,2023-06-29 08:03:56.996,1
1e35c733-dfcb-4906-8203-817b5629774e,2023-06-29 13:43:26.607,106
25712d91-b7ba-44b5-bec3-fc8e7531f8f6,2023-06-30 15:44:26.340,285
d7689f82-ec0a-4ede-b5d6-e990a14e002f,2023-06-30 16:16:35.930,97
055dcc63-492e-43c3-9120-e2ea1b755cca,2023-06-30 17:06:44.860,31
4f4b6fa4-e052-4577-ae58-116b9ff99c3d,2023-06-30 17:41:52.653,241
3d088ebd-6440-4600-a5b4-d84c73af9f4a,2023-07-03 10:00:18.584,353
a7fd5522-34bc-4086-a66a-c69b82f556fd,2023-07-03 10:27:40.582,63
a3746c41-f1f3-4319-8c9e-f191736341f6,2023-07-04 09:22:20.435,385
e73d3b5e-d6cc-4e77-8e9c-b0ede9e4f106,2023-07-04 10:23:43.806,99
3cdc12e3-50fc-44b0-bed7-817422ad4dc5,2023-07-04 13:51:50.425,273
7213ac7e-42fd-47c8-8b99-91a5c36ec6db,2023-07-05 08:31:53.262,420
50dd5162-a7cc-4104-92fd-a06a3dc13f2d,2023-07-05 16:19:08.095,1
6a9a9d72-533c-48aa-8d0f-912411eef515,2023-07-05 19:18:49.724,303
fd9f83ac-705b-49d0-a8b2-111302163ba2,2023-07-06 07:44:00.374,37
254d8f24-c570-4e9d-8d5b-2546cab9ec37,2023-07-06 08:22:16.206,91
b1ceda9f-3553-4619-8153-2d05fc632cf4,2023-07-06 09:57:01.930,239
3bcad23f-f96d-4b95-ac8d-0f7e1abb09bc,2023-07-06 10:48:04.436,80
16f5331c-8285-4a23-b642-d6e69ba4af6c,2023-07-06 14:52:32.657,252
4ca11025-1c32-42ce-81c0-970102fc4eba,2023-07-06 17:19:12.082,247
90ca1b42-6eb6-4e4f-8c9c-d182a3ce1840,2023-07-10 11:16:24.589,310
946820de-5649-459b-9994-be04a7af0c7d,2023-07-10 12:24:11.128,370
73473d20-10d3-405e-987d-f3abac63499d,2023-07-10 15:49:56.112,185
b66968e4-4717-43d1-8174-4267f06d54ac,2023-07-10 22:32:50.063,189
f958d24b-7196-45bb-9001-75f9d80832cc,2023-07-11 08:57:23.281,76
1c61b733-02b1-44a4-9f8b-8b2373184784,2023-07-11 11:57:58.301,201
ecebf475-2276-4f8f-9be2-856a0426f0ec,2023-07-11 13:27:39.395,159
f4d42448-2760-49ee-a8af-f906327c545b,2023-07-11 17:45:09.631,9
8c54cb4f-1009-45e0-9836-e118ce036476,2023-07-12 09:05:45.197,27
6e28734e-5128-4691-9eb9-62d19d462a68,2023-07-12 09:15:48.711,225
53e68ec4-d309-4d7c-a4ad-34b3e4537642,2023-07-12 10:39:07.964,22
9b7d3cdf-e814-48f8-9ba9-d378532a2d28,2023-07-12 11:08:08.356,422
025d56d3-4074-4dc9-8f40-b7444532cdd6,2023-07-12 18:17:27.804,327
ac97aa1b-8eaa-4e38-9b05-cc17450cf2b1,2023-07-12 20:16:58.298,76
8b196e89-a1c9-40fe-b107-e36961b1e6d4,2023-07-13 10:21:01.214,483
93d68974-4e17-4851-be72-1a83e8d36dea,2023-07-13 16:09:12.567,4
2e3851b7-f7e5-4bd0-b5fe-a0d86ee989a1,2023-07-14 08:36:02.475,185
ce108657-cb65-42fa-bbdc-bad0ec893058,2023-07-14 13:10:23.395,138
6599258a-c1c0-43af-8c46-70212a9e4179,2023-07-14 13:24:35.844,143
ffbba22f-6930-4a5c-918f-c553bbe6a076,2023-07-17 09:06:58.744,60
49a8071b-0d04-453a-bd08-b018099be8bb,2023-07-17 14:04:16.793,180
328d4c06-0673-4e02-ba7e-59294b3e7072,2023-07-17 15:01:36.943,192
89ff2480-ad8b-44e1-9170-f8d64e75f21f,2023-07-17 15:37:58.906,156
a38e7c69-056d-44ce-9cb1-29c040706c67,2023-07-18 17:22:16.554,227
3f2bb04e-cd40-4e7e-ac7e-33945e6d30ec,2023-07-18 20:06:43.506,132
f3a5cb32-e148-419d-ae8d-f113ced39f9c,2023-07-19 13:53:50.033,104
359b6da3-b411-4818-8afa-a7500bfd83e6,2023-07-20 09:47:26.423,5
92daf091-3a77-4e57-bb5e-e4f840a83699,2023-07-20 14:41:44.046,191
8430bced-0459-4708-b094-9cdca4ef7c32,2023-07-20 15:08:56.955,190
3b6e7121-c28b-4937-a719-c3b6a958a5bc,2023-07-20 17:43:40.046,17
ea1050e0-2676-459a-a088-17a939df34bd,2023-07-25 15:32:36.317,452
312da676-c6af-432a-add1-f160267da70e,2023-07-25 18:57:30.413,100
f2444557-bad9-4d06-8aa8-6b0a607029bc,2023-07-25 20:34:49.896,228
0b892ca3-d685-4b9e-a515-d94d13f5b565,2023-07-26 09:44:23.760,251
97fb86db-4b86-4b1b-9259-9b2d426623c0,2023-07-27 10:38:50.050,236
1d46dfe2-41e1-4fb0-b990-5661c6e9a4ed,2023-07-28 09:26:26.404,108
36ec78ad-203d-4de1-9053-85eb93bdab52,2023-07-28 14:38:05.476,33
8b922f4b-b4fb-4d15-98b2-5558ece6da9a,2023-07-28 14:45:08.769,203
720e9b73-efb7-42ce-9875-6abc75f2b597,2023-07-31 17:46:57.646,206
4e18bdab-7335-4277-8f4a-e7248d488a04,2023-08-01 10:28:18.655,101
a2d4c7e5-d9ce-4669-8d12-64adb735f3e7,2023-08-02 09:03:51.964,179
9e623e7b-1a36-4e5c-86eb-0ce7370c6a38,2023-08-02 13:22:16.827,93
21338ad2-fa9e-43c3-8d71-def8b89dae4c,2023-08-02 16:10:18.382,291
9fc63ba1-bbd0-40a9-bc8d-3fd2edd7319d,2023-08-02 17:48:56.110,256
61744132-9709-4433-8765-2a83e6d5c1cb,2023-08-02 18:14:59.081,48
5cdf8d44-36f9-47cb-8024-125528ed1702,2023-08-03 11:25:34.392,323
26478a83-c404-4a91-9a40-fc2ec48afaf8,2023-08-03 13:28:42.971,103
8f1cd2f9-e23a-4a11-b073-330a238d78a3,2023-08-03 14:38:11.186,160
1109bf47-3c1c-434e-ac0f-64804bf0688b,2023-08-03 16:19:01.385,304
8b19dc5c-25d5-4a0a-ab78-e0947f71921a,2023-08-04 09:25:05.907,311
0a14fb47-2adf-4a81-b03a-f0c30ccfc318,2023-08-04 09:57:49.271,101
a04a4d26-52ac-4099-8a73-6b055d734f9e,2023-08-04 10:45:02.705,188
372ae877-bd9c-45f7-8b98-c8b6a2e54c5d,2023-08-04 14:27:16.521,362
4f38b7c2-8d0d-4ecf-b08b-42c5a253ec24,2023-08-04 14:51:10.408,196
d1980726-44a0-4d44-970a-45d38285e901,2023-08-04 15:38:36.514,369
cfba7f8e-baef-4223-91b9-7e12fd4796bf,2023-08-07 11:43:15.143,191
2c90a66e-405d-47f7-bd54-24416639f39a,2023-08-07 11:51:24.030,276
ad8800c2-9cae-44d4-a878-311c32eb1d90,2023-08-07 13:52:49.934,252
b7d82999-979d-451c-87aa-d59c0c2a8449,2023-08-07 14:42:29.021,126
7e768f29-3a8f-4855-b76e-941cb0b7aaa4,2023-08-07 14:55:32.507,182
4312e322-0afd-4e38-83ce-f1155bc2458d,2023-08-07 16:08:30.245,93
2cb8b5cd-8148-49eb-8ba6-0ff4d0993fdd,2023-08-08 09:42:25.170,139
1223c0fe-5a1d-4e13-8c55-2e87bf23bf8f,2023-08-08 09:55:30.173,305
00c75dca-8a1d-4fee-a81a-2b2a9a417705,2023-08-08 10:50:50.407,236
75a00cbe-95f3-4692-abc9-e3e8e715f400,2023-08-08 11:05:55.151,334
8dc5f0a6-2f62-400e-bf4b-e30babb1449f,2023-08-08 11:35:08.144,117
1b24fcf3-f956-4e00-8fac-bbbeb21a1ab4,2023-08-08 13:13:03.806,356
ed8b82a5-3e30-4d30-9708-91412aa8c681,2023-08-08 13:32:52.002,91
85303b9d-d2f7-4d92-99e8-8c9b8cfa21ed,2023-08-08 14:06:07.977,8
eaa9e0e3-4605-42bb-8eac-0008bc4ef292,2023-08-08 14:16:13.258,31
8f8d439f-aff6-42c2-a6f0-4740ebab2476,2023-08-08 14:23:02.819,69
573b0d9e-a338-42d8-8dca-70258adfe0aa,2023-08-08 16:30:06.111,399
33503217-3169-44a8-a51f-7f2136b60795,2023-08-09 09:44:39.255,129
118f3096-6b24-4ee3-babf-40d03585c91a,2023-08-09 10:17:15.858,70
19d6cb73-16f6-44b7-a053-254d68f45c04,2023-08-09 10:47:12.472,306
99be004a-2a5d-4889-948f-74c4e9676e81,2023-08-09 11:32:50.687,108
c22f829b-0b6b-4cf9-a7c1-dc01b0851e63,2023-08-09 11:48:39.077,250
4a15a69a-58b1-4f31-9a6f-2e8b6ce075a0,2023-08-09 14:35:06.773,255
8062c0f3-3198-46e0-80a2-21d3b66477cd,2023-08-09 14:54:11.987,347
8ebb7ed2-8a3c-4678-a492-222cb0bf5379,2025-02-12 16:59:17.318,755
